0.10000,-4.20182,89.99640
0.10233,-4.19182,89.99632
0.10471,-4.18182,89.99623
0.10715,-4.17182,89.99614
0.10965,-4.16182,89.99605
0.11220,-4.15182,89.99596
0.11482,-4.14182,89.99587
0.11749,-4.13182,89.99577
0.12023,-4.12182,89.99567
0.12303,-4.11182,89.99557
0.12589,-4.10182,89.99547
0.12882,-4.09182,89.99536
0.13183,-4.08182,89.99525
0.13490,-4.07182,89.99514
0.13804,-4.06182,89.99503
0.14125,-4.05182,89.99491
0.14454,-4.04182,89.99480
0.14791,-4.03182,89.99468
0.15136,-4.02182,89.99455
0.15488,-4.01182,89.99442
0.15849,-4.00182,89.99429
0.16218,-3.99182,89.99416
0.16596,-3.98182,89.99403
0.16982,-3.97182,89.99389
0.17378,-3.96182,89.99374
0.17783,-3.95182,89.99360
0.18197,-3.94182,89.99345
0.18621,-3.93182,89.99330
0.19055,-3.92182,89.99314
0.19498,-3.91182,89.99298
0.19953,-3.90182,89.99282
0.20417,-3.89182,89.99265
0.20893,-3.88182,89.99248
0.21380,-3.87182,89.99230
0.21878,-3.86182,89.99212
0.22387,-3.85182,89.99194
0.22909,-3.84182,89.99175
0.23442,-3.83182,89.99156
0.23988,-3.82182,89.99136
0.24547,-3.81182,89.99116
0.25119,-3.80182,89.99096
0.25704,-3.79182,89.99075
0.26303,-3.78182,89.99053
0.26915,-3.77182,89.99031
0.27542,-3.76182,89.99008
0.28184,-3.75182,89.98985
0.28840,-3.74182,89.98962
0.29512,-3.73182,89.98938
0.30200,-3.72182,89.98913
0.30903,-3.71182,89.98887
0.31623,-3.70182,89.98862
0.32359,-3.69182,89.98835
0.33113,-3.68182,89.98808
0.33884,-3.67182,89.98780
0.34674,-3.66182,89.98752
0.35481,-3.65182,89.98723
0.36308,-3.64182,89.98693
0.37154,-3.63182,89.98662
0.38019,-3.62182,89.98631
0.38905,-3.61182,89.98599
0.39811,-3.60182,89.98567
0.40738,-3.59182,89.98533
0.41687,-3.58182,89.98499
0.42658,-3.57182,89.98464
0.43652,-3.56182,89.98429
0.44668,-3.55182,89.98392
0.45709,-3.54182,89.98354
0.46774,-3.53182,89.98316
0.47863,-3.52182,89.98277
0.48978,-3.51182,89.98237
0.50119,-3.50182,89.98196
0.51286,-3.49182,89.98154
0.52481,-3.48182,89.98111
0.53703,-3.47182,89.98067
0.54954,-3.46182,89.98022
0.56234,-3.45182,89.97976
0.57544,-3.44182,89.97928
0.58884,-3.43182,89.97880
0.60256,-3.42182,89.97831
0.61660,-3.41182,89.97780
0.63096,-3.40182,89.97729
0.64565,-3.39182,89.97676
0.66069,-3.38182,89.97622
0.67608,-3.37182,89.97566
0.69183,-3.36182,89.97509
0.70795,-3.35182,89.97451
0.72444,-3.34182,89.97392
0.74131,-3.33182,89.97331
0.75858,-3.32182,89.97269
0.77625,-3.31182,89.97206
0.79433,-3.30182,89.97140
0.81283,-3.29182,89.97074
0.83176,-3.28182,89.97006
0.85114,-3.27182,89.96936
0.87096,-3.26182,89.96865
0.89125,-3.25182,89.96791
0.91201,-3.24182,89.96717
0.93325,-3.23182,89.96640
0.95499,-3.22182,89.96562
0.97724,-3.21182,89.96482
1.00000,-3.20182,89.96400
1.02329,-3.19182,89.96316
1.04713,-3.18182,89.96230
1.07152,-3.17182,89.96143
1.09648,-3.16182,89.96053
1.12202,-3.15182,89.95961
1.14815,-3.14182,89.95867
1.17490,-3.13182,89.95770
1.20226,-3.12182,89.95672
1.23027,-3.11182,89.95571
1.25893,-3.10182,89.95468
1.28825,-3.09182,89.95362
1.31826,-3.08182,89.95254
1.34896,-3.07182,89.95144
1.38038,-3.06182,89.95031
1.41254,-3.05182,89.94915
1.44544,-3.04182,89.94796
1.47911,-3.03182,89.94675
1.51356,-3.02182,89.94551
1.54882,-3.01182,89.94424
1.58489,-3.00182,89.94294
1.62181,-2.99182,89.94161
1.65959,-2.98182,89.94025
1.69824,-2.97182,89.93886
1.73780,-2.96182,89.93744
1.77828,-2.95182,89.93598
1.81970,-2.94182,89.93449
1.86209,-2.93182,89.93296
1.90546,-2.92182,89.93140
1.94984,-2.91182,89.92981
1.99526,-2.90182,89.92817
2.04174,-2.89182,89.92650
2.08930,-2.88182,89.92479
2.13796,-2.87182,89.92303
2.18776,-2.86182,89.92124
2.23872,-2.85182,89.91941
2.29087,-2.84182,89.91753
2.34423,-2.83182,89.91561
2.39883,-2.82182,89.91364
2.45471,-2.81182,89.91163
2.51189,-2.80182,89.90957
2.57040,-2.79182,89.90747
2.63027,-2.78182,89.90531
2.69153,-2.77182,89.90310
2.75423,-2.76182,89.90085
2.81838,-2.75182,89.89854
2.88403,-2.74182,89.89617
2.95121,-2.73182,89.89376
3.01995,-2.72182,89.89128
3.09030,-2.71182,89.88875
3.16228,-2.70182,89.88616
3.23594,-2.69182,89.88351
3.31131,-2.68182,89.88079
3.38844,-2.67182,89.87802
3.46737,-2.66182,89.87517
3.54813,-2.65182,89.87227
3.63078,-2.64182,89.86929
3.71535,-2.63182,89.86625
3.80189,-2.62182,89.86313
3.89045,-2.61182,89.85994
3.98107,-2.60182,89.85668
4.07380,-2.59182,89.85334
4.16869,-2.58182,89.84993
4.26580,-2.57182,89.84643
4.36516,-2.56182,89.84285
4.46684,-2.55182,89.83919
4.57088,-2.54182,89.83545
4.67735,-2.53182,89.83162
4.78630,-2.52182,89.82769
4.89779,-2.51182,89.82368
5.01187,-2.50182,89.81957
5.12861,-2.49182,89.81537
5.24807,-2.48182,89.81107
5.37032,-2.47182,89.80667
5.49541,-2.46182,89.80217
5.62341,-2.45182,89.79756
5.75440,-2.44182,89.79284
5.88844,-2.43182,89.78802
6.02560,-2.42182,89.78308
6.16595,-2.41182,89.77803
6.30957,-2.40182,89.77286
6.45654,-2.39182,89.76757
6.60693,-2.38182,89.76215
6.76083,-2.37182,89.75661
6.91831,-2.36182,89.75094
7.07946,-2.35182,89.74514
7.24436,-2.34182,89.73920
7.41310,-2.33182,89.73313
7.58578,-2.32183,89.72691
7.76247,-2.31183,89.72055
7.94328,-2.30183,89.71404
8.12831,-2.29183,89.70738
8.31764,-2.28183,89.70057
8.51138,-2.27183,89.69359
8.70964,-2.26183,89.68646
8.91251,-2.25183,89.67915
9.12011,-2.24183,89.67168
9.33254,-2.23183,89.66403
9.54993,-2.22183,89.65621
9.77237,-2.21183,89.64820
10.00000,-2.20183,89.64000
10.23293,-2.19183,89.63162
10.47129,-2.18183,89.62304
10.71519,-2.17183,89.61426
10.96478,-2.16183,89.60527
11.22018,-2.15183,89.59608
11.48154,-2.14183,89.58667
11.74898,-2.13183,89.57704
12.02264,-2.12183,89.56719
12.30269,-2.11183,89.55711
12.58925,-2.10183,89.54680
12.88250,-2.09183,89.53624
13.18257,-2.08184,89.52544
13.48963,-2.07184,89.51438
13.80384,-2.06184,89.50307
14.12538,-2.05184,89.49150
14.45440,-2.04184,89.47966
14.79108,-2.03184,89.46754
15.13561,-2.02184,89.45513
15.48817,-2.01184,89.44244
15.84893,-2.00184,89.42946
16.21810,-1.99184,89.41617
16.59587,-1.98184,89.40257
16.98244,-1.97184,89.38866
17.37801,-1.96185,89.37442
17.78279,-1.95185,89.35985
18.19701,-1.94185,89.34494
18.62087,-1.93185,89.32968
19.05461,-1.92185,89.31407
19.49845,-1.91185,89.29809
19.95262,-1.90185,89.28174
20.41738,-1.89186,89.26501
20.89296,-1.88186,89.24790
21.37962,-1.87186,89.23038
21.87762,-1.86186,89.21246
22.38721,-1.85186,89.19411
22.90868,-1.84187,89.17534
23.44229,-1.83187,89.15614
23.98833,-1.82187,89.13649
24.54709,-1.81187,89.11637
25.11886,-1.80187,89.09580
25.70396,-1.79188,89.07474
26.30268,-1.78188,89.05319
26.91535,-1.77188,89.03114
27.54229,-1.76189,89.00858
28.18383,-1.75189,88.98549
28.84032,-1.74189,88.96186
29.51209,-1.73189,88.93769
30.19952,-1.72190,88.91295
30.90295,-1.71190,88.88763
31.62278,-1.70191,88.86173
32.35937,-1.69191,88.83522
33.11311,-1.68191,88.80810
33.88442,-1.67192,88.78035
34.67369,-1.66192,88.75194
35.48134,-1.65193,88.72288
36.30781,-1.64193,88.69315
37.15352,-1.63194,88.66272
38.01894,-1.62194,88.63158
38.90451,-1.61195,88.59972
39.81072,-1.60196,88.56711
40.73803,-1.59196,88.53375
41.68694,-1.58197,88.49961
42.65795,-1.57198,88.46468
43.65158,-1.56198,88.42894
44.66836,-1.55199,88.39236
45.70882,-1.54200,88.35493
46.77351,-1.53201,88.31664
47.86301,-1.52202,88.27745
48.97788,-1.51203,88.23735
50.11872,-1.50204,88.19632
51.28614,-1.49205,88.15434
52.48075,-1.48206,88.11138
53.70318,-1.47207,88.06742
54.95409,-1.46208,88.02244
56.23413,-1.45209,87.97641
57.54399,-1.44210,87.92932
58.88437,-1.43212,87.88113
60.25596,-1.42213,87.83182
61.65950,-1.41215,87.78137
63.09573,-1.40216,87.72974
64.56542,-1.39218,87.67692
66.06934,-1.38219,87.62287
67.60830,-1.37221,87.56756
69.18310,-1.36223,87.51098
70.79458,-1.35225,87.45307
72.44360,-1.34227,87.39383
74.13102,-1.33229,87.33321
75.85776,-1.32231,87.27119
77.62471,-1.31234,87.20772
79.43282,-1.30236,87.14279
81.28305,-1.29239,87.07635
83.17638,-1.28241,87.00837
85.11380,-1.27244,86.93882
87.09636,-1.26247,86.86766
89.12509,-1.25250,86.79484
91.20108,-1.24253,86.72035
93.32543,-1.23257,86.64413
95.49926,-1.22260,86.56614
97.72372,-1.21264,86.48636
100.00000,-1.20268,86.40473
102.32930,-1.19272,86.32121
104.71285,-1.18276,86.23576
107.15193,-1.17280,86.14834
109.64782,-1.16285,86.05891
112.20185,-1.15290,85.96741
114.81536,-1.14295,85.87380
117.48976,-1.13300,85.77803
120.22644,-1.12306,85.68005
123.02688,-1.11311,85.57982
125.89254,-1.10317,85.47729
128.82496,-1.09324,85.37239
131.82567,-1.08330,85.26508
134.89629,-1.07337,85.15531
138.03843,-1.06345,85.04302
141.25375,-1.05352,84.92815
144.54398,-1.04360,84.81065
147.91084,-1.03369,84.69046
151.35612,-1.02378,84.56752
154.88166,-1.01387,84.44176
158.48932,-1.00396,84.31313
162.18101,-0.99406,84.18157
165.95869,-0.98417,84.04700
169.82437,-0.97428,83.90937
173.78008,-0.96439,83.76860
177.82794,-0.95451,83.62464
181.97009,-0.94464,83.47740
186.20871,-0.93477,83.32682
190.54607,-0.92491,83.17284
194.98446,-0.91506,83.01537
199.52623,-0.90521,82.85434
204.17379,-0.89536,82.68967
208.92961,-0.88553,82.52130
213.79621,-0.87570,82.34914
218.77616,-0.86588,82.17311
223.87211,-0.85607,81.99314
229.08677,-0.84627,81.80913
234.42288,-0.83648,81.62102
239.88329,-0.82670,81.42872
245.47089,-0.81693,81.23214
251.18864,-0.80716,81.03119
257.03958,-0.79741,80.82579
263.02680,-0.78767,80.61586
269.15348,-0.77794,80.40129
275.42287,-0.76823,80.18201
281.83829,-0.75853,79.95793
288.40315,-0.74884,79.72894
295.12092,-0.73916,79.49496
301.99517,-0.72950,79.25590
309.02954,-0.71986,79.01167
316.22777,-0.71023,78.76216
323.59366,-0.70062,78.50729
331.13112,-0.69102,78.24695
338.84416,-0.68145,77.98106
346.73685,-0.67189,77.70952
354.81339,-0.66235,77.43224
363.07805,-0.65284,77.14911
371.53523,-0.64334,76.86005
380.18940,-0.63387,76.56496
389.04514,-0.62442,76.26374
398.10717,-0.61500,75.95631
407.38028,-0.60560,75.64257
416.86938,-0.59623,75.32243
426.57952,-0.58688,74.99580
436.51583,-0.57757,74.66259
446.68359,-0.56828,74.32272
457.08819,-0.55903,73.97609
467.73514,-0.54981,73.62264
478.63009,-0.54062,73.26228
489.77882,-0.53147,72.89493
501.18723,-0.52235,72.52051
512.86138,-0.51327,72.13897
524.80746,-0.50423,71.75022
537.03180,-0.49523,71.35421
549.54087,-0.48628,70.95089
562.34133,-0.47737,70.54018
575.43994,-0.46850,70.12206
588.84366,-0.45968,69.69646
602.55959,-0.45091,69.26337
616.59500,-0.44219,68.82273
630.95734,-0.43352,68.37454
645.65423,-0.42490,67.91876
660.69345,-0.41634,67.45539
676.08298,-0.40784,66.98443
691.83097,-0.39940,66.50589
707.94578,-0.39102,66.01976
724.43596,-0.38271,65.52609
741.31024,-0.37446,65.02489
758.57758,-0.36627,64.51621
776.24712,-0.35816,64.00010
794.32823,-0.35012,63.47662
812.83052,-0.34215,62.94585
831.76377,-0.33426,62.40787
851.13804,-0.32644,61.86276
870.96359,-0.31870,61.31064
891.25094,-0.31105,60.75163
912.01084,-0.30348,60.18585
933.25430,-0.29599,59.61345
954.99259,-0.28860,59.03458
977.23722,-0.28129,58.44940
1000.00000,-0.27407,57.85809
1023.29299,-0.26695,57.26085
1047.12855,-0.25992,56.65787
1071.51931,-0.25299,56.04937
1096.47820,-0.24616,55.43558
1122.01845,-0.23943,54.81674
1148.15362,-0.23280,54.19309
1174.89755,-0.22628,53.56489
1202.26443,-0.21986,52.93242
1230.26877,-0.21354,52.29595
1258.92541,-0.20734,51.65579
1288.24955,-0.20124,51.01222
1318.25674,-0.19526,50.36555
1348.96288,-0.18938,49.71611
1380.38426,-0.18362,49.06421
1412.53754,-0.17797,48.41019
1445.43977,-0.17243,47.75438
1479.10839,-0.16701,47.09711
1513.56125,-0.16170,46.43874
1548.81662,-0.15651,45.77961
1584.89319,-0.15143,45.12006
1621.81010,-0.14646,44.46045
1659.58691,-0.14162,43.80113
1698.24365,-0.13688,43.14244
1737.80083,-0.13226,42.48473
1778.27941,-0.12776,41.82835
1819.70086,-0.12337,41.17364
1862.08714,-0.11909,40.52093
1905.46072,-0.11492,39.87056
1949.84460,-0.11087,39.22284
1995.26231,-0.10693,38.57811
2041.73794,-0.10309,37.93667
2089.29613,-0.09937,37.29883
2137.96209,-0.09575,36.66487
2187.76162,-0.09224,36.03508
2238.72114,-0.08883,35.40974
2290.86765,-0.08552,34.78912
2344.22882,-0.08232,34.17346
2398.83292,-0.07921,33.56301
2454.70892,-0.07620,32.95800
2511.88643,-0.07329,32.35864
2570.39578,-0.07047,31.76515
2630.26799,-0.06775,31.17772
2691.53480,-0.06511,30.59653
2754.22870,-0.06256,30.02176
2818.38293,-0.06010,29.45355
2884.03150,-0.05773,28.89206
2951.20923,-0.05543,28.33742
3019.95172,-0.05322,27.78975
3090.29543,-0.05109,27.24916
3162.27766,-0.04903,26.71575
3235.93657,-0.04704,26.18961
3311.31121,-0.04513,25.67081
3388.44156,-0.04329,25.15942
3467.36850,-0.04152,24.65550
3548.13389,-0.03981,24.15908
3630.78055,-0.03817,23.67020
3715.35229,-0.03658,23.18889
3801.89396,-0.03506,22.71517
3890.45145,-0.03360,22.24904
3981.07171,-0.03220,21.79050
4073.80278,-0.03084,21.33955
4168.69383,-0.02955,20.89616
4265.79519,-0.02830,20.46032
4365.15832,-0.02710,20.03200
4466.83592,-0.02595,19.61116
4570.88190,-0.02485,19.19776
4677.35141,-0.02379,18.79176
4786.30092,-0.02277,18.39309
4897.78819,-0.02180,18.00171
5011.87234,-0.02086,17.61755
5128.61384,-0.01997,17.24055
5248.07460,-0.01911,16.87064
5370.31796,-0.01828,16.50774
5495.40874,-0.01749,16.15178
5623.41325,-0.01673,15.80268
5754.39937,-0.01601,15.46036
5888.43655,-0.01531,15.12473
6025.59586,-0.01464,14.79572
6165.95002,-0.01401,14.47323
6309.57344,-0.01339,14.15717
6456.54229,-0.01281,13.84745
6606.93448,-0.01225,13.54398
6760.82975,-0.01171,13.24667
6918.30971,-0.01120,12.95542
7079.45784,-0.01071,12.67015
7244.35960,-0.01024,12.39075
7413.10241,-0.00979,12.11713
7585.77575,-0.00935,11.84919
7762.47117,-0.00894,11.58685
7943.28235,-0.00855,11.33000
8128.30516,-0.00817,11.07855
8317.63771,-0.00781,10.83240
8511.38038,-0.00746,10.59147
8709.63590,-0.00713,10.35565
8912.50938,-0.00682,10.12486
9120.10839,-0.00651,9.89900
9332.54301,-0.00623,9.67798
9549.92586,-0.00595,9.46171
9772.37221,-0.00568,9.25010
10000.00000,-0.00543,9.04306
10232.92992,-0.00519,8.84050
10471.28548,-0.00496,8.64234
10715.19305,-0.00474,8.44849
10964.78196,-0.00453,8.25886
11220.18454,-0.00433,8.07337
11481.53621,-0.00413,7.89194
11748.97555,-0.00395,7.71449
12022.64435,-0.00377,7.54093
12302.68771,-0.00360,7.37119
12589.25412,-0.00344,7.20518
12882.49552,-0.00329,7.04284
13182.56739,-0.00314,6.88408
13489.62883,-0.00300,6.72883
13803.84265,-0.00287,6.57702
14125.37545,-0.00274,6.42858
14454.39771,-0.00262,6.28343
14791.08388,-0.00250,6.14151
15135.61248,-0.00239,6.00274
15488.16619,-0.00228,5.86707
15848.93192,-0.00218,5.73442
16218.10097,-0.00208,5.60473
16595.86907,-0.00199,5.47793
16982.43652,-0.00190,5.35397
17378.00829,-0.00181,5.23279
17782.79410,-0.00173,5.11431
18197.00859,-0.00165,4.99849
18620.87137,-0.00158,4.88527
19054.60718,-0.00151,4.77459
19498.44600,-0.00144,4.66639
19952.62315,-0.00138,4.56062
20417.37945,-0.00132,4.45723
20892.96131,-0.00126,4.35617
21379.62090,-0.00120,4.25738
21877.61624,-0.00115,4.16081
22387.21139,-0.00109,4.06642
22908.67653,-0.00105,3.97416
23442.28815,-0.00100,3.88398
23988.32919,-0.00095,3.79583
24547.08916,-0.00091,3.70967
25118.86432,-0.00087,3.62546
25703.95783,-0.00083,3.54314
26302.67992,-0.00079,3.46269
26915.34804,-0.00076,3.38405
27542.28703,-0.00072,3.30720
28183.82931,-0.00069,3.23208
28840.31503,-0.00066,3.15866
29512.09227,-0.00063,3.08690
30199.51720,-0.00060,3.01676
30902.95433,-0.00058,2.94822
31622.77660,-0.00055,2.88122
32359.36569,-0.00052,2.81574
33113.11215,-0.00050,2.75175
33884.41561,-0.00048,2.68920
34673.68505,-0.00046,2.62808
35481.33892,-0.00044,2.56834
36307.80548,-0.00042,2.50995
37153.52291,-0.00040,2.45289
38018.93963,-0.00038,2.39712
38904.51450,-0.00036,2.34261
39810.71706,-0.00035,2.28935
40738.02778,-0.00033,2.23729
41686.93835,-0.00032,2.18641
42657.95188,-0.00030,2.13669
43651.58322,-0.00029,2.08810
44668.35922,-0.00028,2.04061
45708.81896,-0.00026,1.99419
46773.51413,-0.00025,1.94884
47863.00923,-0.00024,1.90451
48977.88194,-0.00023,1.86119
50118.72336,-0.00022,1.81885
51286.13840,-0.00021,1.77747
52480.74602,-0.00020,1.73704
53703.17964,-0.00019,1.69752
54954.08739,-0.00018,1.65890
56234.13252,-0.00017,1.62116
57543.99373,-0.00017,1.58428
58884.36554,-0.00016,1.54824
60255.95861,-0.00015,1.51301
61659.50019,-0.00014,1.47859
63095.73445,-0.00014,1.44494
64565.42290,-0.00013,1.41207
66069.34480,-0.00013,1.37994
67608.29754,-0.00012,1.34854
69183.09709,-0.00011,1.31785
70794.57844,-0.00011,1.28786
72443.59601,-0.00010,1.25856
74131.02413,-0.00010,1.22992
75857.75750,-0.00010,1.20193
77624.71166,-0.00009,1.17458
79432.82347,-0.00009,1.14785
81283.05162,-0.00008,1.12173
83176.37711,-0.00008,1.09620
85113.80382,-0.00008,1.07125
87096.35900,-0.00007,1.04687
89125.09381,-0.00007,1.02305
91201.08394,-0.00007,0.99977
93325.43008,-0.00006,0.97701
95499.25860,-0.00006,0.95478
97723.72210,-0.00006,0.93305
100000.00000,-0.00005,0.91181
102329.29923,-0.00005,0.89106
104712.85481,-0.00005,0.87078
107151.93052,-0.00005,0.85096
109647.81961,-0.00005,0.83160
112201.84543,-0.00004,0.81267
114815.36215,-0.00004,0.79417
117489.75549,-0.00004,0.77610
120226.44346,-0.00004,0.75843
123026.87708,-0.00004,0.74117
125892.54118,-0.00003,0.72430
128824.95517,-0.00003,0.70782
131825.67386,-0.00003,0.69171
134896.28826,-0.00003,0.67596
138038.42646,-0.00003,0.66058
141253.75446,-0.00003,0.64554
144543.97707,-0.00003,0.63085
147910.83882,-0.00003,0.61649
151356.12484,-0.00002,0.60246
154881.66189,-0.00002,0.58875
158489.31925,-0.00002,0.57534
162181.00974,-0.00002,0.56225
165958.69074,-0.00002,0.54945
169824.36525,-0.00002,0.53695
173780.08287,-0.00002,0.52472
177827.94100,-0.00002,0.51278
181970.08586,-0.00002,0.50111
186208.71367,-0.00002,0.48970
190546.07180,-0.00002,0.47856
194984.45998,-0.00001,0.46766
199526.23150,-0.00001,0.45702
204173.79447,-0.00001,0.44662
208929.61309,-0.00001,0.43645
213796.20895,-0.00001,0.42652
218776.16239,-0.00001,0.41681
223872.11386,-0.00001,0.40732
229086.76528,-0.00001,0.39805
234422.88153,-0.00001,0.38899
239883.29190,-0.00001,0.38013
245470.89157,-0.00001,0.37148
251188.64315,-0.00001,0.36303
257039.57828,-0.00001,0.35476
263026.79919,-0.00001,0.34669
269153.48039,-0.00001,0.33880
275422.87033,-0.00001,0.33108
281838.29313,-0.00001,0.32355
288403.15031,-0.00001,0.31618
295120.92267,-0.00001,0.30899
301995.17204,-0.00001,0.30195
309029.54325,-0.00001,0.29508
316227.76602,-0.00001,0.28836
323593.65693,-0.00001,0.28180
331131.12148,-0.00001,0.27538
338844.15614,-0.00000,0.26912
346736.85045,-0.00000,0.26299
354813.38923,-0.00000,0.25700
363078.05477,-0.00000,0.25115
371535.22910,-0.00000,0.24544
380189.39632,-0.00000,0.23985
389045.14499,-0.00000,0.23439
398107.17055,-0.00000,0.22906
407380.27780,-0.00000,0.22384
416869.38347,-0.00000,0.21875
426579.51880,-0.00000,0.21377
436515.83224,-0.00000,0.20890
446683.59215,-0.00000,0.20415
457088.18961,-0.00000,0.19950
467735.14129,-0.00000,0.19496
478630.09232,-0.00000,0.19052
489778.81937,-0.00000,0.18618
501187.23363,-0.00000,0.18195
512861.38399,-0.00000,0.17780
524807.46025,-0.00000,0.17376
537031.79637,-0.00000,0.16980
549540.87386,-0.00000,0.16594
562341.32519,-0.00000,0.16216
575439.93734,-0.00000,0.15847
588843.65536,-0.00000,0.15486
602559.58607,-0.00000,0.15134
616595.00186,-0.00000,0.14789
630957.34448,-0.00000,0.14452
645654.22903,-0.00000,0.14123
660693.44801,-0.00000,0.13802
676082.97539,-0.00000,0.13488
691830.97092,-0.00000,0.13181
707945.78438,-0.00000,0.12881
724435.96007,-0.00000,0.12588
741310.24130,-0.00000,0.12301
758577.57503,-0.00000,0.12021
776247.11663,-0.00000,0.11747
794328.23472,-0.00000,0.11480
812830.51616,-0.00000,0.11219
831763.77110,-0.00000,0.10963
851138.03820,-0.00000,0.10714
870963.58996,-0.00000,0.10470
891250.93813,-0.00000,0.10232
912010.83936,-0.00000,0.09999
933254.30080,-0.00000,0.09771
954992.58602,-0.00000,0.09549
977237.22096,-0.00000,0.09331
1000000.00000,-0.00000,0.09119
1023292.99228,-0.00000,0.08911
1047128.54805,-0.00000,0.08708
1071519.30524,-0.00000,0.08510
1096478.19614,-0.00000,0.08317
1122018.45430,-0.00000,0.08127
1148153.62150,-0.00000,0.07942
1174897.55494,-0.00000,0.07761
1202264.43462,-0.00000,0.07585
1230268.77081,-0.00000,0.07412
1258925.41179,-0.00000,0.07243
1288249.55169,-0.00000,0.07079
1318256.73856,-0.00000,0.06917
1348962.88259,-0.00000,0.06760
1380384.26460,-0.00000,0.06606
1412537.54462,-0.00000,0.06456
1445439.77075,-0.00000,0.06309
1479108.38817,-0.00000,0.06165
1513561.24844,-0.00000,0.06025
1548816.61891,-0.00000,0.05888
1584893.19246,-0.00000,0.05754
1621810.09736,-0.00000,0.05623
1659586.90744,-0.00000,0.05495
1698243.65246,-0.00000,0.05370
1737800.82875,-0.00000,0.05247
1778279.41004,-0.00000,0.05128
1819700.85861,-0.00000,0.05011
1862087.13666,-0.00000,0.04897
1905460.71796,-0.00000,0.04786
1949844.59976,-0.00000,0.04677
1995262.31497,-0.00000,0.04570
2041737.94467,-0.00000,0.04466
2089296.13085,-0.00000,0.04365
2137962.08950,-0.00000,0.04265
2187761.62395,-0.00000,0.04168
2238721.13857,-0.00000,0.04073
2290867.65277,-0.00000,0.03981
2344228.81532,-0.00000,0.03890
2398832.91902,-0.00000,0.03801
2454708.91568,-0.00000,0.03715
2511886.43151,-0.00000,0.03630
2570395.78277,-0.00000,0.03548
2630267.99189,-0.00000,0.03467
2691534.80393,-0.00000,0.03388
2754228.70334,-0.00000,0.03311
2818382.93126,-0.00000,0.03236
2884031.50313,-0.00000,0.03162
2951209.22667,-0.00000,0.03090
3019951.72040,-0.00000,0.03020
3090295.43251,-0.00000,0.02951
3162277.66017,-0.00000,0.02884
3235936.56930,-0.00000,0.02818
3311311.21483,-0.00000,0.02754
3388441.56139,-0.00000,0.02691
3467368.50452,-0.00000,0.02630
3548133.89233,-0.00000,0.02570
3630780.54770,-0.00000,0.02512
3715352.29097,-0.00000,0.02454
3801893.96320,-0.00000,0.02399
3890451.44994,-0.00000,0.02344
3981071.70553,-0.00000,0.02291
4073802.77804,-0.00000,0.02238
4168693.83470,-0.00000,0.02187
4265795.18801,-0.00000,0.02138
4365158.32240,-0.00000,0.02089
4466835.92151,-0.00000,0.02041
4570881.89615,-0.00000,0.01995
4677351.41287,-0.00000,0.01950
4786300.92323,-0.00000,0.01905
4897788.19368,-0.00000,0.01862
5011872.33627,-0.00000,0.01819
5128613.83991,-0.00000,0.01778
5248074.60250,-0.00000,0.01738
5370317.96370,-0.00000,0.01698
5495408.73858,-0.00000,0.01659
5623413.25190,-0.00000,0.01622
5754399.37337,-0.00000,0.01585
5888436.55355,-0.00000,0.01549
6025595.86074,-0.00000,0.01513
6165950.01861,-0.00000,0.01479
6309573.44480,-0.00000,0.01445
6456542.29035,-0.00000,0.01412
6606934.48007,-0.00000,0.01380
6760829.75392,-0.00000,0.01349
6918309.70919,-0.00000,0.01318
7079457.84384,-0.00000,0.01288
7244359.60075,-0.00000,0.01259
7413102.41301,-0.00000,0.01230
7585775.75029,-0.00000,0.01202
7762471.16629,-0.00000,0.01175
7943282.34724,-0.00000,0.01148
8128305.16164,-0.00000,0.01122
8317637.71102,-0.00000,0.01096
8511380.38202,-0.00000,0.01071
8709635.89956,-0.00000,0.01047
8912509.38134,-0.00000,0.01023
9120108.39356,-0.00000,0.01000
9332543.00797,-0.00000,0.00977
9549925.86021,-0.00000,0.00955
9772372.20956,-0.00000,0.00933
10000000.00000,-0.00000,0.00912
10232929.92281,-0.00000,0.00891
10471285.48051,-0.00000,0.00871
10715193.05237,-0.00000,0.00851
10964781.96143,-0.00000,0.00832
11220184.54302,-0.00000,0.00813
11481536.21497,-0.00000,0.00794
11748975.54939,-0.00000,0.00776
12022644.34617,-0.00000,0.00758
12302687.70812,-0.00000,0.00741
12589254.11794,-0.00000,0.00724
12882495.51693,-0.00000,0.00708
13182567.38556,-0.00000,0.00692
13489628.82591,-0.00000,0.00676
13803842.64603,-0.00000,0.00661
14125375.44622,-0.00000,0.00646
14454397.70746,-0.00000,0.00631
14791083.88168,-0.00000,0.00617
15135612.48436,-0.00000,0.00602
15488166.18912,-0.00000,0.00589
15848931.92461,-0.00000,0.00575
16218100.97359,-0.00000,0.00562
16595869.07437,-0.00000,0.00549
16982436.52461,-0.00000,0.00537
17378008.28749,-0.00000,0.00525
17782794.10038,-0.00000,0.00513
18197008.58610,-0.00000,0.00501
18620871.36662,-0.00000,0.00490
19054607.17963,-0.00000,0.00479
19498445.99758,-0.00000,0.00468
19952623.14968,-0.00000,0.00457
20417379.44669,-0.00000,0.00447
20892961.30854,-0.00000,0.00436
21379620.89502,-0.00000,0.00427
21877616.23949,-0.00000,0.00417
22387211.38568,-0.00000,0.00407
22908676.52767,-0.00000,0.00398
23442288.15319,-0.00000,0.00389
23988329.19019,-0.00000,0.00380
24547089.15684,-0.00000,0.00371
25118864.31509,-0.00000,0.00363
25703957.82768,-0.00000,0.00355
26302679.91895,-0.00000,0.00347
26915348.03926,-0.00000,0.00339
27542287.03337,-0.00000,0.00331
28183829.31264,-0.00000,0.00324
28840315.03126,-0.00000,0.00316
29512092.26666,-0.00000,0.00309
30199517.20401,-0.00000,0.00302
30902954.32513,-0.00000,0.00295
31622776.60168,-0.00000,0.00288
32359365.69295,-0.00000,0.00282
33113112.14825,-0.00000,0.00275
33884415.61391,-0.00000,0.00269
34673685.04524,-0.00000,0.00263
35481338.92335,-0.00000,0.00257
36307805.47700,-0.00000,0.00251
37153522.90971,-0.00000,0.00245
38018939.63205,-0.00000,0.00240
38904514.49942,-0.00000,0.00234
39810717.05534,-0.00000,0.00229
40738027.78040,-0.00000,0.00224
41686938.34702,-0.00000,0.00219
42657951.88015,-0.00000,0.00214
43651583.22400,-0.00000,0.00209
44668359.21508,-0.00000,0.00204
45708818.96148,-0.00000,0.00199
46773514.12871,-0.00000,0.00195
47863009.23225,-0.00000,0.00191
48977881.93683,-0.00000,0.00186
50118723.36271,-0.00000,0.00182
51286138.39912,-0.00000,0.00178
52480746.02496,-0.00000,0.00174
53703179.63701,-0.00000,0.00170
54954087.38575,-0.00000,0.00166
56234132.51902,-0.00000,0.00162
57543993.73370,-0.00000,0.00158
58884365.53554,-0.00000,0.00155
60255958.60742,-0.00000,0.00151
61659500.18613,-0.00000,0.00148
63095734.44800,-0.00000,0.00145
64565422.90345,-0.00000,0.00141
66069344.80074,-0.00000,0.00138
67608297.53918,-0.00000,0.00135
69183097.09187,-0.00000,0.00132
70794578.43839,-0.00000,0.00129
72443596.00748,-0.00000,0.00126
74131024.13007,-0.00000,0.00123
75857757.50290,-0.00000,0.00120
77624711.66285,-0.00000,0.00117
79432823.47241,-0.00000,0.00115
81283051.61639,-0.00000,0.00112
83176377.11024,-0.00000,0.00110
85113803.82021,-0.00000,0.00107
87096358.99558,-0.00000,0.00105
89125093.81335,-0.00000,0.00102
91201083.93556,-0.00000,0.00100
93325430.07967,-0.00000,0.00098
95499258.60212,-0.00000,0.00095
97723722.09555,-0.00000,0.00093
99999999.99997,-0.00000,0.00091
